<?xml version="1.0" encoding="UTF-8"?>
<GenRun Id="impl_1" LaunchPart="xc7a100tcsg324-2" LaunchTime="1666180462">
  <File Type="BITSTR-BMM" Name="seqdet1011_160_163_bd.bmm"/>
  <File Type="OPT-METHODOLOGY-DRC" Name="seqdet1011_160_163_methodology_drc_opted.rpt"/>
  <File Type="INIT-TIMING" Name="seqdet1011_160_163_timing_summary_init.rpt"/>
  <File Type="ROUTE-PWR" Name="seqdet1011_160_163_power_routed.rpt"/>
  <File Type="PA-TCL" Name="seqdet1011_160_163.tcl"/>
  <File Type="OPT-TIMING" Name="seqdet1011_160_163_timing_summary_opted.rpt"/>
  <File Type="OPT-DCP" Name="seqdet1011_160_163_opt.dcp"/>
  <File Type="ROUTE-PWR-SUM" Name="seqdet1011_160_163_power_summary_routed.pb"/>
  <File Type="REPORTS-TCL" Name="seqdet1011_160_163_reports.tcl"/>
  <File Type="OPT-DRC" Name="seqdet1011_160_163_drc_opted.rpt"/>
  <File Type="OPT-HWDEF" Name="seqdet1011_160_163.hwdef"/>
  <File Type="PWROPT-DCP" Name="seqdet1011_160_163_pwropt.dcp"/>
  <File Type="PWROPT-DRC" Name="seqdet1011_160_163_drc_pwropted.rpt"/>
  <File Type="PWROPT-TIMING" Name="seqdet1011_160_163_timing_summary_pwropted.rpt"/>
  <File Type="PLACE-DCP" Name="seqdet1011_160_163_placed.dcp"/>
  <File Type="PLACE-IO" Name="seqdet1011_160_163_io_placed.rpt"/>
  <File Type="PLACE-CLK" Name="seqdet1011_160_163_clock_utilization_placed.rpt"/>
  <File Type="PLACE-UTIL" Name="seqdet1011_160_163_utilization_placed.rpt"/>
  <File Type="PLACE-UTIL-PB" Name="seqdet1011_160_163_utilization_placed.pb"/>
  <File Type="PLACE-CTRL" Name="seqdet1011_160_163_control_sets_placed.rpt"/>
  <File Type="PLACE-SIMILARITY" Name="seqdet1011_160_163_incremental_reuse_placed.rpt"/>
  <File Type="PLACE-PRE-SIMILARITY" Name="seqdet1011_160_163_incremental_reuse_pre_placed.rpt"/>
  <File Type="BG-BGN" Name="seqdet1011_160_163.bgn"/>
  <File Type="PLACE-TIMING" Name="seqdet1011_160_163_timing_summary_placed.rpt"/>
  <File Type="POSTPLACE-PWROPT-DCP" Name="seqdet1011_160_163_postplace_pwropt.dcp"/>
  <File Type="BG-BIN" Name="seqdet1011_160_163.bin"/>
  <File Type="POSTPLACE-PWROPT-TIMING" Name="seqdet1011_160_163_timing_summary_postplace_pwropted.rpt"/>
  <File Type="PHYSOPT-DCP" Name="seqdet1011_160_163_physopt.dcp"/>
  <File Type="PHYSOPT-DRC" Name="seqdet1011_160_163_drc_physopted.rpt"/>
  <File Type="BITSTR-MSK" Name="seqdet1011_160_163.msk"/>
  <File Type="PHYSOPT-TIMING" Name="seqdet1011_160_163_timing_summary_physopted.rpt"/>
  <File Type="ROUTE-ERROR-DCP" Name="seqdet1011_160_163_routed_error.dcp"/>
  <File Type="ROUTE-DCP" Name="seqdet1011_160_163_routed.dcp"/>
  <File Type="ROUTE-BLACKBOX-DCP" Name="seqdet1011_160_163_routed_bb.dcp"/>
  <File Type="ROUTE-DRC" Name="seqdet1011_160_163_drc_routed.rpt"/>
  <File Type="ROUTE-DRC-PB" Name="seqdet1011_160_163_drc_routed.pb"/>
  <File Type="BITSTR-LTX" Name="debug_nets.ltx"/>
  <File Type="BITSTR-LTX" Name="seqdet1011_160_163.ltx"/>
  <File Type="ROUTE-DRC-RPX" Name="seqdet1011_160_163_drc_routed.rpx"/>
  <File Type="BITSTR-MMI" Name="seqdet1011_160_163.mmi"/>
  <File Type="ROUTE-METHODOLOGY-DRC" Name="seqdet1011_160_163_methodology_drc_routed.rpt"/>
  <File Type="ROUTE-METHODOLOGY-DRC-RPX" Name="seqdet1011_160_163_methodology_drc_routed.rpx"/>
  <File Type="BITSTR-SYSDEF" Name="seqdet1011_160_163.sysdef"/>
  <File Type="ROUTE-METHODOLOGY-DRC-PB" Name="seqdet1011_160_163_methodology_drc_routed.pb"/>
  <File Type="ROUTE-PWR-RPX" Name="seqdet1011_160_163_power_routed.rpx"/>
  <File Type="ROUTE-STATUS" Name="seqdet1011_160_163_route_status.rpt"/>
  <File Type="ROUTE-STATUS-PB" Name="seqdet1011_160_163_route_status.pb"/>
  <File Type="ROUTE-TIMINGSUMMARY" Name="seqdet1011_160_163_timing_summary_routed.rpt"/>
  <File Type="ROUTE-TIMING-PB" Name="seqdet1011_160_163_timing_summary_routed.pb"/>
  <File Type="ROUTE-TIMING-RPX" Name="seqdet1011_160_163_timing_summary_routed.rpx"/>
  <File Type="ROUTE-SIMILARITY" Name="seqdet1011_160_163_incremental_reuse_routed.rpt"/>
  <File Type="ROUTE-CLK" Name="seqdet1011_160_163_clock_utilization_routed.rpt"/>
  <File Type="ROUTE-BUS-SKEW" Name="seqdet1011_160_163_bus_skew_routed.rpt"/>
  <File Type="ROUTE-BUS-SKEW-PB" Name="seqdet1011_160_163_bus_skew_routed.pb"/>
  <File Type="ROUTE-BUS-SKEW-RPX" Name="seqdet1011_160_163_bus_skew_routed.rpx"/>
  <File Type="POSTROUTE-PHYSOPT-DCP" Name="seqdet1011_160_163_postroute_physopt.dcp"/>
  <File Type="POSTROUTE-PHYSOPT-BLACKBOX-DCP" Name="seqdet1011_160_163_postroute_physopt_bb.dcp"/>
  <File Type="POSTROUTE-PHYSOPT-TIMING" Name="seqdet1011_160_163_timing_summary_postroute_physopted.rpt"/>
  <File Type="POSTROUTE-PHYSOPT-TIMING-PB" Name="seqdet1011_160_163_timing_summary_postroute_physopted.pb"/>
  <File Type="POSTROUTE-PHYSOPT-TIMING-RPX" Name="seqdet1011_160_163_timing_summary_postroute_physopted.rpx"/>
  <File Type="POSTROUTE-PHYSOPT-BUS-SKEW" Name="seqdet1011_160_163_bus_skew_postroute_physopted.rpt"/>
  <File Type="POSTROUTE-PHYSOPT-BUS-SKEW-PB" Name="seqdet1011_160_163_bus_skew_postroute_physopted.pb"/>
  <File Type="BG-BIT" Name="seqdet1011_160_163.bit"/>
  <File Type="POSTROUTE-PHYSOPT-BUS-SKEW-RPX" Name="seqdet1011_160_163_bus_skew_postroute_physopted.rpx"/>
  <File Type="BITSTR-RBT" Name="seqdet1011_160_163.rbt"/>
  <File Type="BITSTR-NKY" Name="seqdet1011_160_163.nky"/>
  <File Type="BG-DRC" Name="seqdet1011_160_163.drc"/>
  <File Type="RDI-RDI" Name="seqdet1011_160_163.vdi"/>
  <File Type="WBT-USG" Name="usage_statistics_webtalk.html"/>
  <FileSet Name="sources" Type="DesignSrcs" RelSrcDir="$PSRCDIR/sources_1">
    <Filter Type="Srcs"/>
    <File Path="$PSRCDIR/sources_1/new/seqdet1011_160_163.v">
      <FileInfo>
        <Attr Name="UsedIn" Val="synthesis"/>
        <Attr Name="UsedIn" Val="implementation"/>
        <Attr Name="UsedIn" Val="simulation"/>
      </FileInfo>
    </File>
    <Config>
      <Option Name="DesignMode" Val="RTL"/>
      <Option Name="TopModule" Val="seqdet1011_160_163"/>
      <Option Name="TopAutoSet" Val="TRUE"/>
    </Config>
  </FileSet>
  <FileSet Name="constrs_in" Type="Constrs" RelSrcDir="$PSRCDIR/constrs_1">
    <Filter Type="Constrs"/>
    <File Path="$PSRCDIR/constrs_1/new/ucf.xdc">
      <FileInfo>
        <Attr Name="UsedIn" Val="synthesis"/>
        <Attr Name="UsedIn" Val="implementation"/>
      </FileInfo>
    </File>
    <Config>
      <Option Name="TargetConstrsFile" Val="$PSRCDIR/constrs_1/new/ucf.xdc"/>
      <Option Name="ConstrsType" Val="XDC"/>
    </Config>
  </FileSet>
  <FileSet Name="utils" Type="Utils" RelSrcDir="$PSRCDIR/utils_1">
    <Filter Type="Utils"/>
    <Config>
      <Option Name="TopAutoSet" Val="TRUE"/>
    </Config>
  </FileSet>
  <Strategy Version="1" Minor="2">
    <StratHandle Name="Vivado Implementation Defaults" Flow="Vivado Implementation 2018">
      <Desc>Default settings for Implementation.</Desc>
    </StratHandle>
    <Step Id="init_design"/>
    <Step Id="opt_design"/>
    <Step Id="power_opt_design"/>
    <Step Id="place_design"/>
    <Step Id="post_place_power_opt_design"/>
    <Step Id="phys_opt_design"/>
    <Step Id="route_design"/>
    <Step Id="post_route_phys_opt_design"/>
    <Step Id="write_bitstream"/>
  </Strategy>
</GenRun>
