<?xml version="1.0" encoding="UTF-8"?>
<GenRun Id="synth_1" LaunchPart="xc7a100tcsg324-1" LaunchTime="1665514984">
  <File Type="PA-TCL" Name="sr_ff_160_163.tcl"/>
  <File Type="RDS-PROPCONSTRS" Name="sr_ff_160_163_drc_synth.rpt"/>
  <File Type="REPORTS-TCL" Name="sr_ff_160_163_reports.tcl"/>
  <File Type="RDS-RDS" Name="sr_ff_160_163.vds"/>
  <File Type="RDS-UTIL" Name="sr_ff_160_163_utilization_synth.rpt"/>
  <File Type="RDS-UTIL-PB" Name="sr_ff_160_163_utilization_synth.pb"/>
  <File Type="RDS-DCP" Name="sr_ff_160_163.dcp"/>
  <File Type="VDS-TIMINGSUMMARY" Name="sr_ff_160_163_timing_summary_synth.rpt"/>
  <File Type="VDS-TIMING-PB" Name="sr_ff_160_163_timing_summary_synth.pb"/>
  <FileSet Name="sources" Type="DesignSrcs" RelSrcDir="$PSRCDIR/sources_1">
    <Filter Type="Srcs"/>
    <File Path="$PSRCDIR/sources_1/new/sr_ff_160_163.v">
      <FileInfo>
        <Attr Name="UsedIn" Val="synthesis"/>
        <Attr Name="UsedIn" Val="implementation"/>
        <Attr Name="UsedIn" Val="simulation"/>
      </FileInfo>
    </File>
    <Config>
      <Option Name="DesignMode" Val="RTL"/>
      <Option Name="TopModule" Val="sr_ff_160_163"/>
      <Option Name="TopAutoSet" Val="TRUE"/>
    </Config>
  </FileSet>
  <FileSet Name="constrs_in" Type="Constrs" RelSrcDir="$PSRCDIR/constrs_1">
    <Filter Type="Constrs"/>
    <File Path="$PSRCDIR/constrs_1/new/ucf.xdc">
      <FileInfo>
        <Attr Name="UsedIn" Val="synthesis"/>
        <Attr Name="UsedIn" Val="implementation"/>
      </FileInfo>
    </File>
    <Config>
      <Option Name="TargetConstrsFile" Val="$PSRCDIR/constrs_1/new/ucf.xdc"/>
      <Option Name="ConstrsType" Val="XDC"/>
    </Config>
  </FileSet>
  <FileSet Name="utils" Type="Utils" RelSrcDir="$PSRCDIR/utils_1">
    <Filter Type="Utils"/>
    <Config>
      <Option Name="TopAutoSet" Val="TRUE"/>
    </Config>
  </FileSet>
  <Strategy Version="1" Minor="2">
    <StratHandle Name="Vivado Synthesis Defaults" Flow="Vivado Synthesis 2018">
      <Desc>Vivado Synthesis Defaults</Desc>
    </StratHandle>
    <Step Id="synth_design"/>
  </Strategy>
</GenRun>
